nama_pemda,tahun,pendapatan_total,belanja_total,blj_tdk_langsung,blj_pegawai,blj_hibah,blj_bansos,blj_bagi_hasil,blj_bantuan_keu,blj_tdk_terduga,blj_langsung,blj_barang_jasa,blj_modal,pembiayaan,rasio_pegawai_pct,rasio_modal_pct,rasio_barang_jasa_pct,rasio_bansos_pct,rasio_hibah_pct,rasio_bantuan_keu_pct,ipm,tpt,kemiskinan_pct,pdrb_per_kapita,ipm_lag1,kemiskinan_lag1,delta_ipm,delta_kemiskinan,belanja_per_pdrb,klaster
Kab. Bangkalan,2014,1643.100601431,1563.613835059,1013.832863943,912.407063815,67.070112911,2.3049056,0.0,29.835015579,0.2073819,549.780971116,217.952338645,331.828632471,107.639089245,58.35,21.22,13.94,0.15,4.29,1.91,58.39,3.45,22.89,14743,57.51,23.83,0.88,-0.94,106058.0503,1
Kab. Bangkalan,2015,1787.701828638,1838.357542933,1203.620952257,945.701250184,92.629045306,0.6138178,1.999992734,158.495008411,0.0,634.736590676,154.207206605,480.529384071,445.643896303,51.44,26.14,8.39,0.03,5.04,8.62,59.27,3.74,22.21,16037,58.39,22.89,0.88,-0.68,114632.2593,1
Kab. Bangkalan,2016,1831.920659194,1944.896442627,1166.015442627,844.953,20.993126,0.137,1.9879497,290.626,0.0,778.881,182.092,412.823,188.069593362,43.44,21.23,9.36,0.01,1.08,14.94,60.13,3.32,22.29,17480,59.27,22.21,0.86,0.08,111264.0985,1
Kab. Bangkalan,2017,2188.064292577,2009.248055038,1446.478568761,988.46278865,67.7591817,0.5650947,4.4182223,378.8814391,0.0,562.769486277,266.714453536,296.055032741,41.392653779,49.2,14.73,13.27,0.03,3.37,18.86,61.06,3.32,21.2,18993,60.13,22.29,0.93,-1.09,105788.8725,1
Kab. Bangkalan,2018,2034.15653945102,2087.07141337924,1469.286981801,1011.71148428913,68.35014298004,0.72151,4.788289756,380.33212309483,0.0,617.78443157824,293.07881651722,324.70561506102,189.60032029011,48.48,15.56,14.04,0.03,3.27,18.22,61.93,3.52,20.54,20819,61.06,21.2,0.87,-0.66,100248.3987,1
Kab. Banyuwangi,2014,2418.962318839,2299.307896458,1304.329355135,1147.862041953,72.860137523,10.026215,3.17174075,70.409219909,0.0,994.978541323,436.431864175,558.546677148,214.793037694,49.92,24.29,18.98,0.44,3.17,3.06,66.72,3.02,9.56,26074,65.97,9.94,0.75,-0.38,88183.9341,1
Kab. Banyuwangi,2015,2779.148430147,2741.772556679,1512.413698635,1243.906467979,122.750256472,6.131490319,139.625483865,0.0,0.0,1229.358858044,529.943112726,699.415745318,706.315993618,45.37,25.51,19.33,0.22,4.48,0.0,67.38,3.29,9.42,28804,66.72,9.56,0.66,-0.14,95187.2155,1
Kab. Banyuwangi,2016,2805.615458313,3095.290678637,1621.810678637,1313.53,60.034851251,8.063209736,2.44375465,236.801,0.937863,1473.48,561.896,911.584,371.77931,42.44,29.45,18.15,0.26,1.94,7.65,68.03,2.7,9.03,31956,67.38,9.42,0.65,-0.39,96861.0176,1
Kab. Banyuwangi,2017,2732.022666957,2776.030217673,1527.901805642,1099.860795452,85.37017848,3.9453563,7.32405125,328.45367316,2.947751,1248.128412031,591.051197771,657.07721426,82.109711541,39.62,23.67,21.29,0.14,3.08,11.83,68.78,2.73,8.61,35541,68.03,9.03,0.75,-0.42,78107.8253,1
Kab. Banyuwangi,2018,2732.022666957,2753.6658113326,1596.58786039447,1185.27156049067,61.221365,7.3964648,11.4279677,316.4342933,0.0,1157.0779509381298,676.6952876397701,480.38266329836,214.793037694,43.04,17.45,24.57,0.27,2.22,11.49,69.47,2.95,8.28,39663,68.78,8.61,0.69,-0.33,69426.5641,1
Kab. Blitar,2014,1927.71209345,1803.200913471,1196.367047071,1016.728197141,120.549512335,3.348,52.328752536,0.83591,2.566953857,606.8338664,221.573412648,385.260453752,100.651996147,56.38,21.37,12.29,0.19,6.69,0.05,67.53,2.22,10.14,17766,66.87,10.65,0.66,-0.51,101497.2933,1
Kab. Blitar,2015,2121.588164367,2072.628708228,1283.436283366,1016.00855923,75.22160035,0.67548,10.206520093,181.324123693,0.0,789.192424862,280.860474082,508.33195078,520.061706721,49.02,24.53,13.55,0.03,3.63,8.75,68.03,2.55,10.02,19437,67.53,10.14,0.5,-0.12,106633.1588,1
Kab. Blitar,2016,2240.250764651,2368.676937697,1328.486937697,1035.12,21.5139,0.67548,10.683566197,260.379,0.1149915,1040.19,347.471,692.719,266.029281083,43.7,29.24,14.67,0.03,0.91,10.99,68.56,2.14,9.77,21290,68.03,10.02,0.53,-0.25,111257.7237,1
Kab. Blitar,2017,2307.812881171,2350.585581536,1330.155471658,949.81206782,64.206698708,6.5137,10.569238692,298.272301938,0.7814645,1020.430109878,426.985670926,593.444438952,137.679121942,40.41,25.25,18.17,0.28,2.73,12.69,69.24,2.23,9.2,23441,68.56,9.77,0.68,-0.57,100276.6768,1
Kab. Blitar,2018,2352.1301502370898,2209.34399230177,1303.02048656225,950.50900929025,49.60344575,5.6702273,12.039429922,285.1974583,0.000916,906.32350573952,496.54975568611,409.77375005341,94.95112747494,43.02,18.55,22.47,0.26,2.25,12.91,69.74,2.43,8.88,25988,69.24,9.2,0.5,-0.32,85014.0062,1
Kab. Bojonegoro,2014,2517.68028355,2416.229249525,1262.117176625,1055.118376043,38.874191395,8.64928,1.12837815,157.138170037,1.000181,1154.1120729,616.425271012,537.686801888,268.681783996,43.67,22.25,25.51,0.36,1.61,6.5,65.67,3.22,16.16,42980,64.92,16.7,0.75,-0.54,56217.5256,1
Kab. Bojonegoro,2015,2898.769750255,2844.471915138,1549.041369261,1121.005879711,23.004548196,4.6435,12.736895383,376.082214402,11.380331569,1295.430545877,701.201369067,594.22917681,612.546244021,39.41,20.89,24.65,0.16,0.81,13.22,66.32,3.5,16.02,38918,65.67,16.16,0.65,-0.14,73088.8513,1
Kab. Bojonegoro,2016,3004.084327697,3244.669885991,1650.500885991,1031.09,49.423026849,4.03608,13.227227542,551.183,1.4165516,1594.169,443.328,967.917,325.353850648,31.78,29.83,13.66,0.12,1.52,16.99,66.94,3.07,15.77,35692,66.32,16.02,0.62,-0.25,90907.4831,1
Kab. Bojonegoro,2017,3024.200425253,2827.904711002,1795.836655085,1111.112718085,76.903266568,1.7085,15.255132285,585.172283199,5.527954948,1032.068055917,458.611386763,573.456669154,81.48928514,39.29,20.28,16.22,0.06,2.72,20.69,67.57,3.06,15.05,36741,66.94,15.77,0.63,-0.72,76968.6375,1
Kab. Bojonegoro,2018,4823.7522414642,3085.42547074982,1929.2679041723304,1134.47636690898,127.73207728235,3.9975,12.37974527,650.552280111,0.0543346,1156.15756657749,554.8195194965699,601.3380470809201,279.07535296577004,36.77,19.49,17.98,0.13,4.14,21.08,68.17,3.24,14.46,40527,67.57,15.05,0.6,-0.59,76132.5899,1
Kab. Bondowoso,2014,1534.483291062,1471.104168998,833.125691307,721.890059507,26.30929075,4.595857462,79.346313588,0.0,0.98417,637.978477691,305.474554812,311.495490129,96.221772448,49.07,21.17,20.76,0.31,1.79,0.0,61.27,1.9,13.77,14720,60.43,14.28,0.84,-0.51,99939.1419,1
Kab. Bondowoso,2015,1800.27775498,1776.098167403,986.327477933,793.099322243,16.96472,3.225176669,0.0,173.038259021,0.0,789.77068947,385.194156061,404.576533409,336.457993602,44.65,22.78,21.69,0.18,0.96,9.74,62.08,2.18,13.7,16046,61.27,13.77,0.81,-0.07,110687.9077,1
Kab. Bondowoso,2016,1945.061482314,1992.64056,1080.55956,795.482,31.42356,3.32,0.0,250.334,0.0,912.081,486.656,425.425,168.9344032,39.92,21.35,24.42,0.17,1.58,12.56,62.83,1.84,13.26,17511,62.08,13.7,0.75,-0.44,113793.6474,1
Kab. Bondowoso,2017,1924.903618063,1935.627796905,1112.943028592,766.208355692,55.51229978,15.3895,0.0,274.64970932,0.0,822.684768313,439.11039455,383.574373763,110.816225626,39.58,19.82,22.69,0.8,2.87,14.19,63.32,1.88,12.58,19199,62.83,13.26,0.49,-0.68,100819.1988,1
Kab. Bondowoso,2018,2094.94861711218,1935.627796905,1145.9487724309,745.14611254,79.994905885,16.3208,5.541421605899999,296.5238771,0.2543997,822.684768313,581.31733889382,284.8013446761,118.46671725465,38.5,14.71,30.03,0.84,4.13,15.32,63.99,2.02,12.36,21112,63.32,12.58,0.67,-0.22,91683.7721,1
Kab. Gresik,2014,2206.389315225,2172.823788644,1227.529971582,886.676823148,119.160768016,28.1326487,0.6383349,192.27721095,0.577185,945.293817062,421.48891988,523.804897182,176.890979644,40.81,24.11,19.4,1.29,5.48,8.85,75.17,6.59,13.04,64793,74.46,13.57,0.71,-0.53,33534.8539,0
Kab. Gresik,2015,2436.173613496,2529.213281777,1385.351661479,842.57721974,173.43548998,22.6760876,40.088838578,306.232981581,0.341044,1143.861620298,559.637944393,584.223675905,327.918677969,33.31,23.1,22.13,0.9,6.86,12.11,75.73,6.91,12.72,71074,75.17,13.04,0.56,-0.32,35585.633,0
Kab. Gresik,2016,2522.075974518,2552.245390965,1466.012390965,846.627,162.943,24.661099009,35.365145,396.153,0.263146956,1086.233,562.372,413.34,98.032004982,33.17,16.2,22.03,0.97,6.38,15.52,76.35,6.27,12.19,78082,75.73,12.72,0.62,-0.53,32686.7318,0
Kab. Gresik,2017,2742.201536263,2644.649372216,1498.836908351,794.154169288,154.557012313,21.6928,45.761911,482.67101575,0.0,1145.812463865,723.170697862,422.641766003,67.933432726,30.03,15.98,27.34,0.82,5.84,18.25,76.98,6.14,11.77,86398,76.35,12.19,0.63,-0.42,30610.0763,0
Kab. Gresik,2018,2876.34369551971,2679.86598087773,1595.98148579676,807.285279137,198.043178504,26.6041644,95.263823791,466.05625675,2.7287832147600004,1083.88449508097,714.00116452364,369.88333055733,165.51954672373998,30.12,13.8,26.64,0.99,7.39,17.39,77.5,6.39,11.34,95764,76.98,11.77,0.52,-0.43,27984.0648,0
Kab. Jember,2014,2797.468559471,2695.939576094,1681.733808311,1443.987470786,85.5252391,47.2618315,0.84938049,104.108151684,0.0,1014.205767783,476.684511754,537.521256029,302.056926725,53.56,19.94,17.68,1.75,3.17,3.86,62.58,2.75,11.99,18351,61.84,12.64,0.74,-0.65,146909.6821,1
Kab. Jember,2015,3116.544378911,3083.637991191,2054.800795175,1483.314995117,266.059396325,45.047427775,13.938049034,246.41547077,0.025456154,1028.837196016,472.428310873,556.408885143,835.501324401,48.1,18.04,15.32,1.46,8.63,7.99,63.19,2.94,11.96,20059,62.58,11.99,0.61,-0.03,153728.4008,1
Kab. Jember,2016,3191.997540926,2979.943334484,2006.408334484,1551.15,45.445193486,52.317524,13.632616998,343.863,0.0,973.535,513.084,460.451,437.495223167,52.05,15.45,17.22,1.76,1.53,11.54,63.9,2.55,11.48,21943,63.19,11.96,0.71,-0.48,135803.8251,1
Kab. Jember,2017,3480.086187354,3558.375056145,2087.007349792,1469.407831845,127.04252107,70.97600525,21.724257371,394.590634256,3.2661,1471.367706353,762.496731169,708.870975184,647.619380036,41.29,19.92,21.43,1.99,3.57,11.09,64.44,2.55,10.77,24099,63.9,11.48,0.54,-0.71,147656.5441,1
Kab. Jember,2018,3588.87317451537,3558.375056145,1911.89685917462,1271.83910590562,50.271116225,141.036033057,20.672475433,424.078128554,4.0,1538.2005963571,1005.95302470786,532.24757164924,562.38399379547,35.74,14.96,28.27,3.96,1.41,11.92,65.26,2.71,10.3,26600,64.44,10.77,0.82,-0.47,133773.4984,0
Kab. Jombang,2014,1905.860374275,1780.114993045,1114.131997346,922.751440369,108.748946621,7.73715,73.744060392,0.999999964,0.1504,665.982995699,310.933877436,355.049118263,229.449735109,51.84,19.95,17.47,0.43,6.11,0.06,69.36,5.58,10.83,21156,68.68,11.44,0.68,-0.61,84142.3234,1
Kab. Jombang,2015,2151.287884053,2164.953026633,1250.258205803,955.864129231,51.340643428,1.48005,0.0,241.573383144,0.0,914.69482083,461.266682369,403.219792974,686.556314203,44.15,18.62,21.31,0.07,2.37,11.16,69.95,5.88,10.82,23121,69.36,10.83,0.59,-0.01,93635.7868,1
Kab. Jombang,2016,2257.067546845,2364.577547769,1469.2904298,1024.97,63.7831254,2.778574,0.0,377.742,0.0167304,895.287117969,473.798,364.902,337.175063236,43.35,15.43,20.04,0.12,2.7,15.98,70.62,5.28,10.58,25334,69.95,10.82,0.67,-0.24,93336.1312,1
Kab. Jombang,2017,2517.003141056,2401.430893002,1514.091991892,971.233123722,103.606926496,4.15265,434.092656588,0.998569586,0.0080655,887.33890111,500.016341488,387.322559622,228.651935156,40.44,16.13,20.82,0.17,4.31,0.04,71.3,5.17,10.22,27933,70.62,10.58,0.68,-0.36,85971.1056,1
Kab. Jombang,2018,2512.7866298456,2354.10895369838,1547.820627491,1001.209511319,125.332979698,4.787,415.421820974,1.0693155,0.0,806.28832620738,512.5728048700701,293.71552133731,343.37336651809005,42.53,12.48,21.77,0.2,5.32,0.05,71.69,5.43,9.8,30829,71.3,10.22,0.39,-0.42,76360.2113,1
Kab. Kediri,2014,2065.936833905,1826.897145025,1215.021290697,1075.894818008,20.710531295,14.096057436,15.123063811,87.292249482,1.840300495,611.875854328,257.24803781,325.197091568,397.73962549,58.89,17.8,14.08,0.77,1.13,4.78,68.27,3.62,13.56,16347,67.55,14.16,0.72,-0.6,111757.3344,1
Kab. Kediri,2015,2317.562354065,2274.44206144,1543.479788978,1147.619780264,74.718226268,11.853042454,15.864840447,288.310100168,5.072906,730.962272462,273.174649014,457.787623448,978.512569325,50.46,20.13,12.01,0.52,3.29,12.68,68.83,3.89,13.31,17919,68.27,13.56,0.56,-0.25,126929.0731,1
Kab. Kediri,2016,2395.721049505,2617.075047476,1632.637047476,1141.46,47.15572437,17.295843139,17.697670444,408.511,0.499228894,984.438,372.386,612.052,694.956010989,43.62,23.39,14.23,0.66,1.8,15.61,69.51,3.34,12.99,19668,68.83,13.31,0.68,-0.32,133062.5914,1
Kab. Kediri,2017,2718.413134696,2768.989737774,1588.079702284,1072.229467967,49.239709185,19.878765126,19.65562166,425.9572989,1.118839446,1180.91003549,505.630759435,675.279276055,476.107693821,38.72,24.39,18.26,0.72,1.78,15.38,70.08,3.49,12.47,21736,69.51,12.99,0.57,-0.52,127391.8724,1
Kab. Kediri,2018,2718.413134696,2738.30820110815,1603.02056239868,1055.55459842092,59.06504,36.069904161260006,27.0145540835,424.3729516,0.943514133,1135.28763870947,588.16408518528,547.12355352419,426.76237506312,38.55,19.98,21.48,1.32,2.16,15.5,70.61,3.71,12.04,24088,70.08,12.47,0.53,-0.43,113679.3508,1
Kab. Lamongan,2014,1969.782922683,1913.817056084,1242.710160895,980.120709526,105.066336691,11.49650824,2.637736163,142.748065627,0.0,671.106895189,317.671279911,353.435615278,109.24779762,51.21,18.47,16.6,0.6,5.49,7.46,69.49,4.06,15.83,16530,68.79,16.62,0.7,-0.79,115778.4063,1
Kab. Lamongan,2015,2436.090963267,2407.389245871,1561.684071855,989.65051992,238.961050464,12.724137377,1.869200375,318.281163719,0.198,845.705174016,351.900782706,459.30579265,350.669045833,41.11,19.08,14.62,0.53,9.93,13.22,70.08,4.33,15.67,18088,69.49,15.83,0.59,-0.16,133093.1693,1
Kab. Lamongan,2016,2719.035157734,2796.050688005,1747.597688005,1083.6,162.208,33.702488504,1.595199501,466.492,0.0,1048.453,431.953,616.5,147.330005331,38.75,22.05,15.45,1.21,5.8,16.68,70.81,3.87,15.17,19832,70.08,15.67,0.73,-0.5,140986.8237,1
Kab. Lamongan,2017,2716.042671045,2729.589182636,1720.312642787,980.924083723,180.988257457,22.698927124,0.0,535.701374483,0.0,1009.276539849,504.054950264,505.221589585,63.84297548,35.94,18.51,18.47,0.83,6.63,19.63,71.51,3.82,14.62,21882,70.81,15.17,0.7,-0.55,124741.3026,1
Kab. Lamongan,2018,2811.06254333302,2813.87087292802,1717.414361947,971.051178466,202.336053305,25.1449188,1.68196897,517.200242406,0.0,1096.45651098102,564.64516282298,531.81134815804,63.84297548,34.51,18.9,20.07,0.89,7.19,18.38,72.11,4.02,14.1,24282,71.51,14.62,0.6,-0.52,115882.9945,1
Kab. Lumajang,2014,1545.618399754,1472.595339059,1028.86677377,821.757416522,124.429865324,18.740111966,0.0,63.574254747,0.36411,443.728565289,206.971829138,236.756736151,224.141352836,55.8,16.08,14.05,1.27,8.45,4.32,61.55,2.49,12.94,16902,60.78,13.55,0.77,-0.61,87125.5082,1
Kab. Lumajang,2015,1707.539550204,1660.465122739,1172.673116918,864.868967576,105.7944085,19.069692457,0.587741237,182.321607148,0.0307,487.792005821,245.56684658,242.225159241,578.556019804,52.09,14.59,14.79,1.15,6.37,10.98,62.09,2.67,12.94,18501,61.55,12.94,0.54,0.0,89750.0201,1
Kab. Lumajang,2016,1842.512168816,1934.507632914,1264.660632914,850.46,100.026,24.016354509,3.391300255,285.677,1.08997815,669.847,321.961,347.886,276.323126956,43.96,17.98,16.64,1.24,5.17,14.77,62.83,2.25,12.55,20266,62.09,12.94,0.74,-0.39,95455.8192,1
Kab. Lumajang,2017,1956.127822293,1998.722819796,1318.569606943,859.639514584,84.670257207,31.181675232,3.102582797,336.465081388,3.510495735,680.153212853,421.895061849,258.258151004,177.348106823,43.01,12.92,21.11,1.56,4.24,16.83,63.39,2.32,11.75,22348,62.83,12.55,0.56,-0.8,89436.3173,1
Kab. Lumajang,2018,2077.39605640423,2100.38302679975,1354.266502897,757.321746846,184.726003751,47.027414217,4.734930489,358.479574356,1.976833238,746.11652390275,457.68848868179,288.42803522096,164.01164797785,36.06,13.73,21.79,2.24,8.79,17.07,63.98,2.48,11.51,24801,63.39,11.75,0.59,-0.24,84689.4491,1
Kab. Madiun,2014,1386.252157502,1313.906804803,879.599604846,778.675469733,26.3329267,12.842694051,0.7236864,60.661827962,0.0,434.307199957,194.83682656,239.470373397,154.440768669,59.26,18.23,14.83,0.98,2.0,4.62,69.57,3.1,11.74,18021,68.84,12.41,0.73,-0.67,72909.7611,1
Kab. Madiun,2015,1622.962461464,1581.057648337,979.91578376,808.710481634,9.388245325,2.590785,3.6523425,154.309284301,0.78,601.141864577,273.399467486,327.742397091,465.884793354,51.15,20.73,17.29,0.16,0.59,9.76,70.19,3.35,11.67,19742,69.57,11.74,0.62,-0.07,80085.9917,1
Kab. Madiun,2016,1727.312922471,1834.089267885,1124.852267885,846.792,35.854880085,6.2144,3.4765523,232.041,0.0,709.237,265.429,443.808,227.242244703,46.17,24.2,14.47,0.34,1.95,12.65,70.84,2.94,11.47,21647,70.19,11.67,0.65,-0.2,84727.1801,1
Kab. Madiun,2017,1758.060590949,1790.817628208,1063.314364588,704.715055376,44.69030951,2.56491625,4.4116844,306.175115552,0.3,727.50326362,353.18633553,374.31692809,114.476490308,39.35,20.9,19.72,0.14,2.5,17.1,71.53,2.9,10.98,23870,70.84,11.47,0.69,-0.49,75023.78,1
Kab. Madiun,2018,1829.58212604271,1790.817628208,1094.589003937,697.028024765,72.895360112,8.35785,5.3610739,309.59432684,0.80299832,665.23530645763,373.5932678458301,291.6420386118,114.476490308,38.92,16.29,20.86,0.47,4.07,17.29,72.02,3.08,10.57,26424,71.53,10.98,0.49,-0.41,67772.3898,1
Kab. Magetan,2014,1471.812527966,1378.803787285,988.537317802,843.729950903,77.552674187,4.8102195,57.121491379,5.322981833,0.0,390.266469483,199.333913789,190.932555694,130.215267799,61.19,13.85,14.46,0.35,5.62,0.39,71.43,2.34,11.43,18200,70.77,11.97,0.66,-0.54,75758.4499,1
Kab. Magetan,2015,1544.927313562,1589.421037874,1070.629606649,881.677484134,22.727405,4.42762,0.0,161.667121915,0.1299756,518.791431225,279.133976018,239.657455207,378.476249014,55.47,15.08,17.56,0.28,1.43,10.17,72.05,2.57,11.33,19985,71.43,11.43,0.62,-0.1,79530.6999,1
Kab. Magetan,2016,1670.355528427,1775.91934137,1210.53134137,893.999,71.89799597,4.75912,0.0,239.834,0.0412254,565.388,278.444,286.944,152.510926818,50.34,16.16,15.68,0.27,4.05,13.5,72.52,2.21,10.97,22019,72.05,11.33,0.47,-0.36,80653.9507,1
Kab. Magetan,2017,1757.892910553,1642.678958519,1106.076725008,787.41747186,43.447672577,3.8615,0.0,271.350080571,0.0,536.602233511,335.386553024,201.215680487,48.075009448,47.93,12.25,20.42,0.24,2.64,16.52,73.12,2.22,10.52,24295,72.52,10.97,0.6,-0.45,67613.8695,1
Kab. Magetan,2018,1828.79247240996,1642.678958519,1130.634273384,805.218550266,62.173687044,3.52267675,0.0,259.719359324,0.0,585.49208686285,390.54797517444,194.94411168841,179.34120109,49.02,11.87,23.78,0.21,3.78,15.81,73.72,2.37,10.22,26974,73.12,10.52,0.6,-0.3,60898.6045,1
Kab. Malang,2014,3058.671277833,2864.314173736,1747.792581472,1499.632101394,115.4340686,15.115149,15.30367389,99.808213588,2.499375,1116.521592264,615.01791883,501.503673434,196.600005955,52.36,17.51,21.47,0.53,4.03,3.48,65.59,4.09,11.05,19898,64.96,11.39,0.63,-0.34,143949.8529,1
Kab. Malang,2015,3471.281006611,3538.236408628,2127.135338638,1575.118616176,207.260510179,20.105658,30.630076536,288.968291977,5.05218577,1411.10106999,696.908174767,714.192895223,771.143162553,44.52,20.18,19.7,0.57,5.86,8.17,66.18,4.35,10.93,21970,65.59,11.05,0.59,-0.12,161048.5393,1
Kab. Malang,2016,3439.627209403,3543.280062438,2198.443062438,1629.86,90.58716948,12.47665,28.682058301,429.346,7.491184657,1344.837,660.905,683.932,321.094,46.0,19.3,18.65,0.35,2.56,12.12,66.63,3.67,10.57,24248,66.18,10.93,0.45,-0.36,146126.6934,1
Kab. Malang,2017,3741.8117065,3617.054713496,2167.99837238,1511.881989843,111.44754234,26.2848,15.946060761,500.924299876,1.51367956,1449.056341116,708.711998683,740.344342433,167.296730943,41.8,20.47,19.59,0.73,3.08,13.85,67.22,3.69,10.04,26850,66.63,10.57,0.59,-0.53,134713.3972,1
Kab. Malang,2018,3824.3907853649903,3648.51793231084,2196.23089881784,1518.5969692083402,125.450170334,26.0703,24.0484577255,500.6359578,1.42904375,1452.287033493,733.8480147897,718.4390187033,167.296730943,41.62,19.69,20.11,0.71,3.44,13.72,67.95,3.95,9.62,29810,67.22,10.04,0.73,-0.42,122392.4164,1
Kab. Mojokerto,2014,1894.423212192,1714.068693265,1056.284998025,886.565050277,44.978075,10.229361,15.881615891,98.630895857,0.0,657.78369524,292.31369462,365.47000062,240.437375713,51.72,21.32,17.05,0.6,2.62,5.75,69.38,4.88,9.59,33876,68.58,9.87,0.8,-0.28,50598.3201,1
Kab. Mojokerto,2015,2118.171111164,2179.606828112,1332.388956007,947.587710973,90.1513935,5.6603,24.327041581,264.662509953,0.0,847.217872105,355.388178453,491.829693652,823.571919371,43.48,22.57,16.31,0.26,4.14,12.14,69.98,5.16,9.49,37032,69.38,9.59,0.6,-0.1,58857.389,1
Kab. Mojokerto,2016,2171.203694594,2259.794252509,1427.333252509,1020.08,27.190514455,6.45976,31.342978054,342.26,0.0,832.461,390.128,442.333,379.068,45.14,19.57,17.26,0.29,1.2,15.15,70.6,4.59,9.24,40622,69.98,9.49,0.62,-0.25,55629.8127,1
Kab. Mojokerto,2017,2335.531986039,2326.306874254,1352.327999156,895.776296946,35.60186,2.50788,34.072895917,384.310174657,0.058891636,973.978875098,397.33253089,576.646344208,290.474586996,38.51,24.79,17.08,0.11,1.53,16.52,71.31,4.57,8.8,44918,70.6,9.24,0.71,-0.44,51790.0814,1
Kab. Mojokerto,2018,2434.62026242315,2326.306874254,1278.16210534254,841.58924445275,31.53828,4.62,38.73268153279,361.681899357,0.0,1097.23131308553,543.087646245,554.14366684053,279.65315160759,36.18,23.82,23.35,0.2,1.36,15.55,71.82,4.79,8.49,49804,71.31,8.8,0.51,-0.31,46709.2377,0
Kab. Nganjuk,2014,1827.532214643,1736.787185572,1124.004122388,1008.005145731,10.935590165,5.32056425,2.14688515,97.2400805,0.355856592,612.783063184,335.343602106,277.439461078,225.340108543,58.04,15.97,19.31,0.31,0.63,5.6,68.85,3.1,14.21,16701,68.01,14.74,0.84,-0.53,103993.0055,1
Kab. Nganjuk,2015,2017.545802497,1983.727931371,1217.634799118,1007.459513658,9.403547594,7.4194556,5.7787695,187.450525966,0.1229868,766.093132253,366.436987065,361.295978864,652.859533298,50.79,18.21,18.47,0.37,0.47,9.45,69.43,3.38,14.15,18267,68.85,14.21,0.58,-0.06,108596.2627,1
Kab. Nganjuk,2016,2097.466539063,2201.124046441,1361.031008411,1052.99,20.965736811,6.7629256,6.273321,273.961,0.078025,840.09303803,344.517,447.73,337.98801767,47.84,20.34,15.65,0.31,0.95,12.45,70.09,3.0,13.65,20040,69.43,14.15,0.66,-0.5,109836.5293,1
Kab. Nganjuk,2017,2299.759167913,2218.770813888,1354.226763189,920.521309887,60.321377397,15.35437,7.656774005,348.0008799,2.372052,864.544050699,544.553807778,319.990242921,227.94575572,41.49,14.42,24.54,0.69,2.72,15.68,70.74,2.94,13.18,22106,70.09,13.65,0.65,-0.47,100369.6197,1
Kab. Nganjuk,2018,2369.54996079712,2312.7971186804502,1365.537802796,924.488041956,57.301624785,11.4072,10.708626,360.3864338,1.245876255,864.544050699,607.4753690296801,339.78394685477,227.94575572,39.97,14.69,26.27,0.49,2.48,15.58,71.26,3.12,12.73,24474,70.74,13.18,0.52,-0.45,94500.1683,1
Kab. Ngawi,2014,1684.599358255,1585.266460836,1099.676115041,946.911551733,72.98363045,12.59158,0.67398395,66.490368908,0.025,485.590345795,241.601991236,243.988354559,148.482661898,59.73,15.39,15.24,0.79,4.6,4.19,68.44,2.39,15.99,15545,67.56,16.7,0.88,-0.71,101979.1869,1
Kab. Ngawi,2015,1912.183743923,1836.690671904,1260.151185601,970.457880634,100.571749589,4.33378,4.048616864,180.301998514,0.43716,576.539486303,263.313243894,313.226242409,619.124190654,52.84,17.05,14.34,0.24,5.48,9.82,69.0,2.62,15.84,17025,68.44,15.99,0.56,-0.15,107881.9778,1
Kab. Ngawi,2016,1977.839681703,2036.078940692,1349.616940692,1005.21,49.453446192,3.25398,6.0855145,285.604,0.01,686.462,331.087,355.375,324.036190376,49.37,17.45,16.26,0.16,2.43,14.03,69.59,2.22,15.35,18667,69.0,15.84,0.59,-0.49,109073.7098,1
Kab. Ngawi,2017,1996.633707315,2070.773064216,1303.384318894,922.003037874,59.74086325,0.6061,0.9199566,320.11436117,0.0,767.388745322,388.173709584,379.215035738,265.602224965,44.52,18.31,18.75,0.03,2.88,15.46,70.26,2.24,14.78,20620,69.59,15.35,0.67,-0.57,100425.4638,1
Kab. Ngawi,2018,1892.58125601279,2024.89674522315,1303.384318894,924.92360898328,49.63048403033,5.25004672,7.075567832,307.060982,0.0,730.95605565754,423.51906817082,307.43698748671994,180.46286806433,45.68,15.18,20.92,0.26,2.45,15.16,70.85,2.39,14.43,22877,70.26,14.78,0.59,-0.35,88512.3375,1
Kab. Pacitan,2014,1260.505396064,1202.651576765,804.818701449,667.847218506,25.308799701,6.617811731,3.376507901,100.54219911,1.1261645,397.832875316,161.434465274,200.429181165,71.371982405,55.53,16.67,13.42,0.55,2.1,8.36,63.28,1.68,15.7,15048,62.71,16.49,0.57,-0.79,79921.0245,1
Kab. Pacitan,2015,1426.596968333,1408.458278765,933.987006968,679.871590702,38.21310597,8.549874647,206.778372649,0.0,0.574063,474.471271797,206.31962436,268.151647437,274.690292974,48.27,19.04,14.65,0.61,2.71,0.0,63.98,2.06,15.08,16445,63.28,15.7,0.7,-0.62,85646.5965,1
Kab. Pacitan,2016,1527.531692313,1644.718919662,1004.122919662,700.953,24.282642656,6.599373506,271.423,0.0,0.8649035,640.596,261.429,379.167,175.564,42.62,23.05,15.9,0.4,1.48,0.0,64.68,1.48,14.81,17926,63.98,15.08,0.7,-0.27,91750.4697,1
Kab. Pacitan,2017,1441.945328548,1629.53975407,974.677424279,617.985150719,30.7041441,12.912131865,3.916790996,306.057342384,3.101864215,654.862329791,308.260027648,346.602302143,27.387331622,37.92,21.27,18.92,0.79,1.88,18.78,65.17,1.28,14.23,19611,64.68,14.81,0.49,-0.58,83093.1495,1
Kab. Pacitan,2018,1788.49552409047,1595.93998764474,973.242512296,626.987073193,41.591117583,8.430153804,4.947836016,289.6390742,1.6472575,622.69747534874,350.77723069494,271.9202446538,52.79495709982,39.29,17.04,21.98,0.53,2.61,18.15,65.96,1.35,13.95,21603,65.17,14.23,0.79,-0.28,73875.85,1
Kab. Pamekasan,2014,1527.493494941,1385.107527776,945.940307108,711.181906429,159.780364808,31.455911671,2.0810653,38.3378039,3.103255,439.167220668,198.349135489,240.818085179,192.798794197,51.34,17.39,14.32,2.27,11.54,2.77,62.85,2.74,19.53,12282,61.93,20.27,0.92,-0.74,112775.4053,1
Kab. Pamekasan,2015,1681.794669633,1751.155310592,1070.540009844,747.549026076,138.660118465,26.444910418,1.949485656,152.749032734,3.187436495,680.615300748,232.929798839,447.685501909,575.825268689,42.69,25.57,13.3,1.51,7.92,8.72,63.45,2.99,19.29,13380,62.85,19.53,0.6,-0.24,130878.5733,1
Kab. Pamekasan,2016,1827.847553529,1864.637884105,1067.178884105,779.737,58.476986475,8.281116,2.35023963,218.062,0.271542,797.459,253.293,544.166,235.110202234,41.82,29.18,13.58,0.44,3.14,11.69,64.33,2.57,18.91,14581,63.45,19.29,0.88,-0.38,127881.3445,1
Kab. Pamekasan,2017,1906.203284544,1719.504104747,1042.378390522,705.931702074,68.554040402,8.0661827,5.488073521,251.565503725,2.7728881,677.125714225,305.094291493,372.031422732,182.940446263,41.05,21.64,17.74,0.47,3.99,14.63,64.95,2.58,18.16,15913,64.33,18.91,0.62,-0.75,108056.5641,1
Kab. Pamekasan,2018,1906.203284544,1719.31971129932,1042.97417707726,696.6177460369,74.80116804136,5.89382,6.514215949,255.7797594,3.36746765,676.3455342220601,359.00483771623,317.34069650583,182.940446263,40.52,18.46,20.88,0.34,4.35,14.88,65.7,2.74,17.68,17418,64.95,18.16,0.75,-0.48,98709.3645,1
Kab. Pasuruan,2014,2207.797617492,2000.790721322,1254.387947929,1034.282540371,90.382785,12.2148,53.36225,62.234730216,1.910842342,746.402773393,419.634986913,326.76778648,261.655595395,51.69,16.33,20.97,0.61,4.52,3.11,65.3,6.57,11.11,32559,64.47,11.62,0.83,-0.51,61451.2338,1
Kab. Pasuruan,2015,2518.560295177,2443.728058573,1420.897382596,1072.059337669,72.70491525,5.445875125,189.05153386,76.226522047,5.409198645,1022.830675977,558.196658836,464.634017141,1011.82999973,43.87,19.01,22.84,0.22,2.98,3.12,65.95,6.91,10.99,35671,65.3,11.11,0.65,-0.12,68507.4166,1
Kab. Pasuruan,2016,2821.447407809,3159.910146389,1644.153146389,1129.38,91.23062725,13.250602828,29.939419393,374.473,5.879496918,1515.757,677.317,838.44,518.956956531,35.74,26.53,21.43,0.42,2.89,11.85,66.45,6.08,10.57,39161,65.95,10.99,0.5,-0.42,80690.2313,1
Kab. Pasuruan,2017,3063.765802811,3100.211150695,1908.90019945,1116.467515822,280.449551887,21.321974,36.693623297,444.044764835,9.922769609,1191.310951245,699.2168715,492.094079745,176.390949863,36.01,15.87,22.55,0.69,9.05,14.32,67.03,6.04,10.12,43291,66.45,10.57,0.58,-0.45,71613.2949,1
Kab. Pasuruan,2018,3063.765802811,3140.57233521271,1907.25844812121,1125.79925138521,185.923583493,25.31257193,40.449445359,520.859079134,8.91451682,1233.3138870915,785.3262333685,447.987653723,130.57830036084,35.85,14.26,25.01,0.81,5.92,16.58,67.7,6.32,9.74,47967,67.03,10.12,0.67,-0.38,65473.6034,1
Kab. Ponorogo,2014,1704.809253589,1626.51137428,1155.157006929,1019.979311886,28.354831857,10.84584115,1.536248184,90.8348801,3.605893752,471.354367351,294.370652289,176.983715062,111.231235373,62.71,10.88,18.1,0.67,1.74,5.58,67.15,2.89,11.44,15337,66.43,12.06,0.72,-0.62,106051.4686,1
Kab. Ponorogo,2015,1866.869447088,1894.974865711,1273.278953472,1008.658321697,44.610254407,9.02972645,5.606413118,201.3468518,4.027386,621.695912239,239.064668217,324.169328852,370.986650741,53.23,17.11,12.62,0.48,2.35,10.63,67.67,3.16,11.44,16671,67.15,11.44,0.52,0.0,113668.938,1
Kab. Ponorogo,2016,2026.627470381,2100.640983198,1392.279275377,1016.7,16.019522152,15.1992695,6.98836336,328.389,8.983120365,708.361707821,268.941,376.403,144.625934433,48.4,17.92,12.8,0.72,0.76,15.63,68.18,2.55,11.18,18052,67.67,11.44,0.51,-0.26,116366.1081,1
Kab. Ponorogo,2017,2215.197920702,2237.311676082,1402.792297278,893.40859847,41.357364535,61.142676214,7.857890501,397.309729358,1.7160382,834.519378804,369.263565185,465.255813619,67.365897985,39.93,20.8,16.5,2.73,1.85,17.76,68.91,2.59,10.53,19706,68.18,11.18,0.73,-0.65,113534.5416,1
Kab. Ponorogo,2018,2300.33416791611,2237.311676082,1338.826848524,868.48550446,41.628109347,17.069762,7.753474386,403.800509931,0.0894884,871.36401064797,468.0613155495,403.30269509847,42.32669260452,38.82,18.03,20.92,0.76,1.86,18.05,69.29,2.8,10.18,21684,68.91,10.53,0.38,-0.35,103177.9965,1
Kab. Probolinggo,2014,1655.881524752,1524.038393412,945.502228052,813.164704111,31.1642779,18.654046,0.0,80.888322041,1.630878,578.53616536,359.336695112,219.199470248,170.310706209,53.36,14.38,23.58,1.22,2.04,5.31,60.14,2.5,21.31,15613,59.38,22.12,0.76,-0.81,97613.4243,1
Kab. Probolinggo,2015,1842.200787638,1879.876712132,1106.099375565,848.797591615,37.335131,9.10956,4.988305,205.05933145,0.8094565,773.777336567,430.587996663,343.189339904,554.088316023,45.15,18.26,22.91,0.48,1.99,10.91,60.84,2.73,21.08,17112,60.14,21.31,0.7,-0.23,109857.2179,1
Kab. Probolinggo,2016,1973.351147268,2038.7871108,1193.6571108,811.472,41.03142,10.4421,5.459553,322.772,2.4800378,845.13,555.482,289.648,207.386323555,39.8,14.21,27.25,0.51,2.01,15.83,61.4,2.32,20.57,18798,60.84,21.08,0.56,-0.51,108457.661,1
Kab. Probolinggo,2017,2109.237164704,2093.894297819,1306.462055828,843.132457628,66.8361887,2.8933,7.306161,384.321375,1.9725735,787.432241991,460.662556687,326.769685304,162.014771469,40.27,15.61,22.0,0.14,3.19,18.35,62.1,2.37,19.62,20746,61.4,20.57,0.7,-0.95,100930.025,1
Kab. Probolinggo,2018,2109.237164704,2173.58509715632,1357.689881512,798.311862593,85.369503619,2.1029,7.008919,456.3429625,8.5537338,787.432241991,573.0568817132701,242.83833393105,174.86166910651002,36.73,11.17,26.36,0.1,3.93,20.99,62.93,2.52,19.02,22999,62.1,19.62,0.83,-0.6,94507.8089,1
Kab. Sampang,2014,1364.735643012,1273.260757435,717.278816852,574.828002694,73.783150567,32.3197254,34.99547947,0.738503721,0.613955,555.981940583,201.925219215,354.056721368,110.745826175,45.15,27.81,15.86,2.54,5.79,0.06,53.23,2.16,25.68,11555,52.52,26.27,0.71,-0.59,110191.3247,1
Kab. Sampang,2015,1736.7666223,1704.171539547,847.617492856,609.805116931,92.585261824,21.585373386,0.0,123.639152799,0.002587916,856.554046691,226.397283185,630.156763506,425.036506256,35.78,36.98,13.28,1.27,5.43,7.26,53.8,2.37,24.11,12574,53.23,25.68,0.57,-1.57,135531.3774,1
Kab. Sampang,2016,1716.788688264,1778.548071545,980.766071545,654.882,92.510078163,14.369662959,1.222799423,217.135,0.646531,797.782,233.782,564.0,214.816,36.82,31.71,13.14,0.81,5.2,12.21,54.68,2.03,24.38,13696,53.8,24.11,0.88,0.27,129858.9421,1
Kab. Sampang,2017,1605.112287121,1663.946531152,976.799222984,604.212852217,80.586997484,15.045212059,2.275053174,274.45655305,0.222555,687.147308168,312.271538019,374.875770149,145.179941648,36.31,22.53,18.77,0.9,4.84,16.49,55.55,2.07,22.89,14933,54.68,24.38,0.87,-1.49,111427.4781,1
Kab. Sampang,2018,1697.68570652324,1688.22712451117,1032.741807517,614.981858037,134.670026589,13.575918144,0.0,269.458666947,0.0553378,687.147308168,342.92267268817,312.562644306,121.2936890246,36.43,18.51,20.31,0.8,7.98,15.96,56.45,2.21,22.27,16340,55.55,22.89,0.9,-0.62,103318.6735,1
Kab. Sidoarjo,2014,3273.379955996,3891.267451395,2509.23577753,1347.461191154,72.55157015,48.73824,1037.848315564,0.842689718,1.793770944,1382.031673865,690.868186166,691.163487699,447.780358404,34.63,17.76,17.75,1.25,1.86,0.02,76.71,7.57,6.46,65150,76.0,6.69,0.71,-0.23,59727.8197,0
Kab. Sidoarjo,2015,3556.219138762,3662.799265943,1923.283189247,1409.353897553,151.64974778,47.585295,84.393020024,230.202710786,0.098518104,1739.516076696,803.323462155,936.192614541,1255.063197274,38.48,25.56,21.93,1.3,4.14,6.28,77.43,7.92,6.44,71246,76.71,6.46,0.72,-0.02,51410.5952,0
Kab. Sidoarjo,2016,3668.041524401,3651.617165087,2020.298165087,1408.07,132.101,46.763307,429.297,1.212936674,2.853921413,1631.319,821.321,809.998,567.569061609,38.56,22.18,22.49,1.28,3.62,0.03,77.87,7.24,6.27,78130,77.43,6.44,0.44,-0.17,46737.7085,0
Kab. Sidoarjo,2017,4045.685362113,3748.313122059,2036.794548539,1264.759726622,145.911030742,47.732025,101.32145116,476.197488481,0.872826534,1711.51857352,1018.408325491,565.233558275,585.678501522,33.74,15.08,27.17,1.27,3.89,12.7,78.47,7.03,5.93,86316,77.87,6.27,0.6,-0.34,43425.4729,0
Kab. Sidoarjo,2018,4332.57798476801,4188.5378109111,2177.92745915416,1419.77809776916,189.370311602,57.659202664,511.119847119,0.0,0.0,2010.61035175694,1200.04520342436,810.56514833258,884.17783576337,33.9,19.35,28.65,1.38,4.52,0.0,78.9,7.3,5.72,95466,78.47,5.93,0.43,-0.21,43874.655,0
Kab. Situbondo,2014,1359.193724048,1305.647017406,745.889403146,682.56834581,19.254915,5.25778,0.0,37.043573336,1.764789,559.75761426,234.704576637,325.053037623,75.409804986,52.28,24.9,17.98,0.4,1.47,2.84,62.75,1.95,11.64,18283,62.06,12.36,0.69,-0.72,71413.1717,1
Kab. Situbondo,2015,1520.359975572,1480.028872079,891.075739752,708.70069019,40.7430208,5.79214,2.147725,133.671163762,0.021,588.953132327,248.26995897,340.683173357,342.023628261,47.88,23.02,16.77,0.39,2.75,9.03,63.34,2.18,11.63,20101,62.75,11.64,0.59,-0.01,73629.6141,1
Kab. Situbondo,2016,1580.582522333,1659.810308,955.812308,747.09,21.802863,0.6092,2.298245,184.012,0.0,703.998,287.134,416.864,191.406697066,45.01,25.12,17.3,0.04,1.31,11.09,64.06,1.85,11.46,22123,63.34,11.63,0.72,-0.17,75026.457,1
Kab. Situbondo,2017,1620.456354002,1611.319203889,945.199238253,696.34448813,31.224614,7.28,2.506981,207.518974893,0.32418023,666.119965636,320.737549618,345.382416018,111.173842457,43.22,21.43,19.91,0.45,1.94,12.88,64.59,1.88,10.53,24461,64.06,11.46,0.53,-0.93,65872.9898,1
Kab. Situbondo,2018,1755.58729920504,1730.46459300147,996.80901636908,732.451792589,41.86675128708,7.9225019,2.92847,210.068095493,1.5714051,666.119965636,335.21120118542,398.44437544697,119.94890586319,42.33,23.03,19.37,0.46,2.42,12.14,65.11,2.02,10.27,27134,64.59,10.53,0.52,-0.26,63774.7694,1
Kab. Sumenep,2014,1647.36222772,1607.328844636,1090.276008095,883.891037228,116.662694907,3.82055,0.0,83.97935496,1.922371,517.052836541,239.267478309,277.785358232,235.70134309,54.99,17.28,14.89,0.24,7.26,5.22,59.74,2.04,20.41,17892,58.97,21.12,0.77,-0.71,89835.0573,1
Kab. Sumenep,2015,1952.700349516,1958.131572634,1250.082405898,882.378406236,116.290056573,12.78434,0.0,237.648564089,0.981039,708.049166736,287.172293105,370.141331155,588.003161745,45.06,18.9,14.67,0.65,5.94,12.14,60.71,2.25,20.17,19420,59.74,20.41,0.97,-0.24,100830.668,1
Kab. Sumenep,2016,2059.565624586,2048.692355383,1345.6341006,921.858,40.1579308,15.73663,0.0,366.505,1.3765398,703.058254783,370.177,272.015,278.786,45.0,13.28,18.07,0.77,1.96,17.89,61.63,1.93,19.96,21118,60.71,20.17,0.92,-0.21,97011.6657,1
Kab. Sumenep,2017,2160.989531868,2059.630836386,1385.317456188,908.571226255,39.6904146,9.62444,0.0,426.053446148,1.377929185,674.313380198,382.428715627,291.884664571,302.913720555,44.11,14.17,18.57,0.47,1.93,20.69,62.25,1.95,19.16,23001,61.63,19.96,0.62,-0.8,89545.2735,1
Kab. Sumenep,2018,2243.98956875429,2059.630836386,1385.317456188,905.00048800568,49.135175,14.76895,0.0,427.410774317,1.759872,752.2770297765401,398.56529478799,353.71173498855,417.42106596262,43.94,17.17,19.35,0.72,2.39,20.75,63.11,2.09,18.42,25207,62.25,19.16,0.86,-0.74,81708.6855,1
Kab. Trenggalek,2014,1498.350372382,1372.622453315,944.295426106,827.937453201,45.162390517,7.3314825,7.046547506,56.480059782,0.0,428.327027209,147.364657355,280.962369854,112.182662893,60.32,20.47,10.74,0.53,3.29,4.11,66.08,2.64,13.61,15830,65.27,14.1,0.81,-0.49,86710.1992,1
Kab. Trenggalek,2015,1545.25214734,1552.970281991,1012.656506267,808.359366775,52.918804619,4.3362397,6.442024244,140.600070929,0.0,540.313775724,213.177066265,327.136709459,475.033489101,52.05,21.07,13.73,0.28,3.41,9.05,66.72,2.91,13.56,17332,66.08,13.61,0.64,-0.05,89601.3318,1
Kab. Trenggalek,2016,1632.639200188,1514.164411265,863.769411265,825.606,24.990553314,6.016137,7.137220951,0.0,0.0195,650.395,287.555,362.84,230.86081474,54.53,23.96,18.99,0.4,1.65,0.0,67.32,2.27,12.98,18986,66.72,13.56,0.6,-0.58,79751.6281,1
Kab. Trenggalek,2017,1791.691906785,1759.709021297,1017.210473839,724.723034082,43.189146695,12.7614426,7.051341895,227.705784178,1.779724389,742.498547458,389.899596757,352.598950701,142.704117882,41.18,20.04,22.16,0.73,2.45,12.94,67.95,2.41,12.35,20934,67.32,12.98,0.63,-0.63,84059.8558,1
Kab. Trenggalek,2018,1824.35968051027,1759.709021297,1124.6137011025,823.8986485565,41.123682103,14.35167045,7.351080115,237.372538878,0.516081,621.84446254237,310.42340352745003,311.42105901492,162.37877099744,46.82,17.7,17.64,0.82,2.34,13.49,68.47,2.65,11.96,23215,67.95,12.35,0.52,-0.39,75800.5178,1
Kab. Tuban,2014,1823.513656641,1768.024608472,1146.587728554,926.348580147,102.065431594,38.7409482,78.9546241,0.471924963,0.00621955,621.436879918,259.034642991,362.402236927,194.942906146,52.39,20.5,14.65,2.19,5.77,0.03,64.19,3.55,16.27,37986,63.39,16.95,0.8,-0.68,46544.1112,1
Kab. Tuban,2015,2017.855147214,1998.111557092,1341.200578394,947.885746241,153.579987387,26.5284059,211.88964372,0.459877825,0.856917321,656.910978698,270.255320949,386.655657749,568.294082831,47.44,19.35,13.53,1.33,7.69,0.02,65.04,3.82,16.18,41679,64.19,16.27,0.85,-0.09,47940.487,1
Kab. Tuban,2016,2183.545585606,2219.078728833,1437.767728833,976.17,104.215,19.80854225,18.022134184,315.089,4.463052399,781.311,317.131,464.18,293.728305335,43.99,20.92,14.29,0.89,4.7,14.2,65.69,3.4,15.67,45759,65.04,16.18,0.65,-0.51,48494.9131,1
Kab. Tuban,2017,2376.526696431,2366.556522223,1382.702303363,849.070830213,115.920832517,31.2524155,20.1804251,366.264276023,0.01352401,983.85421886,486.444884345,497.409334515,265.480664126,35.88,21.02,20.55,1.32,4.9,15.48,66.37,3.38,15.02,50586,65.69,15.67,0.68,-0.65,46782.8356,1
Kab. Tuban,2018,2455.66433497663,2415.2115800941297,1387.84307677774,855.49518876674,139.34896779701,11.847588415,23.25400490099,357.78402063,0.113306268,1027.36850331639,532.40481999494,494.96368332145,265.480664126,35.42,20.49,22.04,0.49,5.77,14.81,67.08,3.56,14.64,56087,66.37,15.02,0.71,-0.38,43061.8785,1
Kab. Tulungagung,2014,2114.558431869,2046.805679451,1381.484204682,1180.536451345,105.664594669,13.8668213,79.418389996,0.9419531,0.56336955,665.321474769,349.775308719,315.54616605,170.582163283,57.68,15.42,17.09,0.68,5.16,0.05,69.96,3.16,8.16,22476,69.22,8.6,0.74,-0.44,91066.2787,1
Kab. Tulungagung,2015,2369.737223686,2317.348435618,1441.414047963,1135.619984356,90.808473193,14.00262934,8.678815354,192.0277734,0.232925,875.934387655,431.347308138,444.587079517,517.226619473,49.01,19.19,18.61,0.6,3.92,8.29,70.54,3.4,8.13,24667,69.96,8.16,0.58,-0.03,93945.2887,1
Kab. Tulungagung,2016,2570.280444853,2606.291974461,1534.649974461,1168.27,55.27805624,14.17307192,6.776270151,289.106,1.04657615,1071.642,497.301,574.341,245.11127342,44.82,22.04,19.08,0.54,2.12,11.09,71.1,3.04,7.84,27138,70.54,8.13,0.56,-0.29,96038.4691,1
Kab. Tulungagung,2017,2598.104487656,2576.151524387,1463.871487598,1032.662015615,85.723778301,9.72919715,6.68105433,329.067561202,0.007881,1112.280036789,716.437198809,395.84283798,185.779741007,40.09,15.37,27.81,0.38,3.33,12.77,71.74,2.95,7.42,29926,71.1,7.84,0.64,-0.42,86084.0582,1
Kab. Tulungagung,2018,2701.54860884746,2576.19195519008,1479.99684000633,1009.56114162933,117.41560931,7.8603,7.796562147,337.36322692,0.0,1096.19511518375,725.53321261266,370.66190257109,214.33751882715,39.19,14.39,28.16,0.31,4.56,13.1,72.14,3.23,7.12,33162,71.74,7.42,0.4,-0.3,77685.0599,0
Kota Batu,2014,703.680192404,632.737653584,379.115406227,282.58265261,61.671275164,14.489062453,0.0,20.372416,0.0,253.622247357,116.995361823,136.626885534,114.54576688,44.66,21.59,18.49,2.29,9.75,3.22,72.51,4.54,4.38,25993,71.9,4.66,0.61,-0.28,24342.6174,0
Kota Batu,2015,725.754996854,819.751076487,390.297503879,279.791171091,72.101770068,15.157874146,0.0,22.456151759,0.790536815,429.453572608,147.571270561,281.882302047,276.980531769,34.13,34.39,18.0,1.85,8.8,2.74,73.06,4.82,4.42,28466,72.51,4.38,0.55,0.04,28797.5506,0
Kota Batu,2016,803.450030048,819.687295763,446.489295763,308.089,90.188121331,7.905270639,8.156890439,31.023137854,1.1268755,373.198,198.829,174.369,88.492226068,37.59,21.27,24.26,0.96,11.0,3.78,73.72,4.29,4.25,31279,73.06,4.42,0.66,-0.17,26205.6746,0
Kota Batu,2017,849.443705763,779.141659105,429.731708,290.232303415,77.75841185,9.898147596,8.65689034,42.364390799,0.821564,349.409951105,206.827312665,142.58263844,68.268701558,37.25,18.3,26.55,1.27,9.98,5.44,74.31,4.27,4.0,34643,73.72,4.25,0.59,-0.25,22490.5943,0
Kota Batu,2018,849.443705763,851.7270375924,520.263338474,351.688462252,68.726575711,14.763730628,9.137919683,75.7129202,0.23373,331.46369911840003,206.06236015052,125.40133896788,138.54900058748,41.29,14.72,24.19,1.73,8.07,8.89,74.88,4.49,3.71,38564,74.31,4.0,0.57,-0.29,22086.0657,0
Kota Blitar,2014,703.295836804,659.079331973,351.92554503,305.254679792,27.109483912,19.044680574,0.0,0.386238752,0.130462,307.153786943,180.82745938,126.326327563,62.958324232,46.32,19.17,27.44,2.89,4.11,0.06,76.84,5.65,8.57,35848,76.25,8.98,0.59,-0.41,18385.3864,0
Kota Blitar,2015,769.743723209,782.148792597,392.771853302,332.921686109,31.959577404,26.863078749,0.0,0.48091104,0.0,389.376939295,221.040113074,168.336826221,203.317793493,42.57,21.52,28.26,3.43,4.09,0.06,77.41,5.99,8.52,39199,76.84,8.57,0.57,-0.05,19953.2843,0
Kota Blitar,2016,847.187702894,857.7951527,375.0021527,333.338,15.47103625,23.7230115,0.0,0.4999695,0.65829545,482.793,279.421,203.372,73.089836489,38.86,23.71,32.57,2.77,1.8,0.06,77.83,5.39,8.27,42954,77.41,8.52,0.42,-0.25,19970.0878,0
Kota Blitar,2017,850.942358242,784.297309172,304.08672373,283.014934938,18.2757055,2.26493492,0.0,0.4999845,0.031163872,480.210585442,305.220889064,174.989696378,62.549149325,36.09,22.31,38.92,0.29,2.33,0.06,78.43,5.32,7.8,47391,77.83,8.27,0.6,-0.47,16549.499,0
Kota Blitar,2018,894.40917602396,811.0427531238299,321.7528107065,274.0354286945,24.368685958,22.69178973,0.01224368,0.4999845,0.144678144,480.210585442,329.25554220367,160.03440021366,127.73807237833,33.79,19.73,40.6,2.8,3.0,0.06,79.11,5.59,7.27,52416,78.43,7.8,0.68,-0.53,15473.1905,0
Kota Kediri,2014,1190.617578862,979.743351878,632.895961981,552.405590002,53.07327383,26.363003478,0.0,0.5579479,0.496146771,346.847389897,193.298337751,153.549052146,224.554931923,56.38,15.67,19.73,2.69,5.42,0.06,77.4,7.24,9.44,258454,76.73,9.88,0.67,-0.44,3790.7842,2
Kota Kediri,2015,1227.985595703,1120.702813857,528.261178165,490.502785924,21.71178,15.202566312,0.0,0.727060675,0.116985254,592.441635692,315.430879038,174.462849355,964.141099659,43.77,15.57,28.15,1.36,1.94,0.06,78.08,7.59,9.33,282849,77.4,9.44,0.68,-0.11,3962.1947,2
Kota Kediri,2016,1179.920957259,1484.725897137,757.369897137,629.314,87.667886906,38.955935001,0.0,0.727060675,0.705014555,727.356,345.51,381.846,535.712,42.39,25.72,23.27,2.62,5.9,0.05,78.55,6.86,9.02,309897,78.08,9.33,0.47,-0.31,4791.0302,2
Kota Kediri,2017,1239.131382634,1269.94430858,673.180319069,543.243179141,80.743267995,48.466811258,0.0,0.727060675,0.0,596.763989511,353.568431385,243.195558126,230.907373861,42.78,19.15,27.84,3.82,6.36,0.06,79.27,6.77,8.61,342118,78.55,9.02,0.72,-0.41,3712.0067,2
Kota Kediri,2018,1278.48860189094,1237.74525686292,730.5799862912801,564.55414104758,98.7082854699,66.5588658488,0.0,0.727060675,0.03163325,507.16527057164,373.93911954337,133.22615102827,200.09439890626,45.61,10.76,30.21,5.38,7.97,0.06,79.86,7.04,8.13,378773,79.27,8.61,0.59,-0.48,3267.7758,2
Kota Madiun,2014,938.517341039,853.473318174,438.41586972,413.686359144,17.392000508,6.7982925,0.0,0.539217568,0.0,415.057448454,169.194840387,201.533941749,169.485451427,48.47,23.61,19.82,0.8,2.04,0.06,78.43,6.23,4.87,58988,77.9,5.12,0.53,-0.25,14468.5922,0
Kota Madiun,2015,973.919348172,877.219888409,444.356543616,425.637798494,0.0,12.534419422,5.556479,0.6278467,0.0,432.863344793,210.842025393,182.41322739,581.570898939,48.52,20.79,24.04,1.43,0.0,0.07,79.05,6.57,4.87,64636,78.43,4.87,0.62,0.0,13571.6921,0
Kota Madiun,2016,998.281942182,1031.56489447,467.7156633,457.737,4.8951316,4.455685,0.0,0.6278467,0.0,563.84923117,263.948,246.395,339.13917,44.37,23.89,25.59,0.43,0.47,0.06,79.62,5.97,4.78,70967,79.05,4.87,0.57,-0.09,14535.8391,0
Kota Madiun,2017,957.624973325,954.991703029,351.277112926,334.828576837,11.924689389,3.896,0.6278467,0.0,0.0,603.714590103,290.933631925,255.977976513,305.857486594,35.06,26.8,30.46,0.41,1.25,0.0,80.39,5.9,4.47,78395,79.62,4.78,0.77,-0.31,12181.7935,0
Kota Madiun,2018,1007.44624013764,954.991703029,472.095466818,435.126974606,21.318545231,13.522100281,0.0,2.1278467,0.0,564.56336377788,305.47575151941,259.08761225847,308.49141688946,45.56,27.13,31.99,1.42,2.23,0.22,80.94,6.14,4.27,86987,80.39,4.47,0.55,-0.2,10978.5566,0
Kota Malang,2014,1764.864689655,1602.999850133,923.536196619,877.246394702,44.148137498,1.40273963,0.0783306,0.647332838,0.013261351,679.463653514,361.001601092,318.462052422,161.120910854,54.73,19.87,22.52,0.09,2.75,0.04,79.06,7.4,5.32,46563,78.44,5.57,0.62,-0.25,34426.4727,0
Kota Malang,2015,1829.072689718,1803.420540917,999.34878546,931.090867802,66.4928775,0.3975,0.0750366,0.635264957,0.657238601,804.071755457,466.42419649,337.647558967,608.025649555,51.63,18.72,25.86,0.02,3.69,0.04,79.69,7.73,5.22,51063,79.06,5.32,0.63,-0.1,35317.5595,0
Kota Malang,2016,1741.394050045,1710.076602292,934.399602292,875.928,57.42562,0.0,0.0787662,0.635264957,0.331951135,775.677,582.01,193.667,273.689,51.22,11.33,34.03,0.0,3.36,0.04,80.46,7.04,4.93,56100,79.69,5.22,0.77,-0.29,30482.6489,0
Kota Malang,2017,1971.91665766,1813.923922301,791.555650774,704.946401767,85.9675,0.0,0.00648405,0.635264957,0.0,1022.368271527,681.87391636,340.494355167,242.605705627,38.86,18.77,37.59,0.0,4.74,0.04,80.65,6.96,4.6,62110,80.46,4.93,0.19,-0.33,29205.0221,0
Kota Malang,2018,2040.1942409066696,1813.923922301,834.82006207328,761.21173240301,72.93898533327001,0.0,0.0,0.635263795,0.034080542,1090.25058979527,739.04732089841,351.20326889686,374.39944457866,41.96,19.36,40.74,0.0,4.02,0.04,80.98,7.24,4.29,69054,80.65,4.6,0.33,-0.31,26268.1948,0
Kota Mojokerto,2014,689.559351473,631.97941451,296.744006839,268.740132667,25.6419475,1.70225,0.0,0.452105072,0.2075716,335.235407671,193.64345974,141.591947931,109.414109727,42.52,22.4,30.64,0.27,4.06,0.07,76.55,7.47,8.76,43260,75.98,9.32,0.57,-0.56,14608.863,0
Kota Mojokerto,2015,717.544079473,706.783751689,335.763175823,289.483975217,43.8118355,1.9885,0.0,0.456238656,0.02262645,371.020575866,235.051727769,135.968848097,333.985715563,40.96,19.24,33.26,0.28,6.2,0.06,77.11,7.83,8.56,47314,76.55,8.76,0.56,-0.2,14938.1526,0
Kota Mojokerto,2016,806.771533067,944.717773724,344.294773724,311.305,30.641818992,1.8293035,0.0,0.518651232,0.0,600.423,296.686,303.737,169.060055,32.95,32.15,31.4,0.19,3.24,0.05,77.7,7.15,8.39,51847,77.11,8.56,0.59,-0.17,18221.2621,0
Kota Mojokerto,2017,782.331264435,739.086252868,268.07466041,237.099914204,27.20553835,3.19176,0.0,0.562049856,0.015398,471.011592458,349.866675729,121.144916729,31.165353996,32.08,16.39,47.34,0.43,3.68,0.08,78.26,7.04,7.9,57222,77.7,8.39,0.56,-0.49,12916.1206,0
Kota Mojokerto,2018,887.59287541226,739.086252868,376.414280168,335.652738542,35.66746127,4.07995,0.0,0.762049856,0.2520805,431.7490544482,312.31478200134,119.43427244686,74.42881556203,45.41,16.16,42.26,0.55,4.83,0.1,78.85,7.32,7.49,63380,78.26,7.9,0.59,-0.41,11661.1905,0
Kota Pasuruan,2014,701.582534366,637.201523936,400.095596075,355.843748795,32.9216578,9.4574771,0.0,1.87271238,0.0,237.105927861,128.1272818,108.978646061,33.288270755,55.84,17.1,20.11,1.48,5.17,0.29,72.78,6.59,7.74,31293,72.12,8.15,0.66,-0.41,20362.4301,1
Kota Pasuruan,2015,738.780208092,740.79689063,376.482160755,323.868144835,40.6721676,10.0415279,0.0,1.90032042,0.0,364.314729875,205.136569134,159.178160741,201.519972987,43.72,21.49,27.69,1.36,5.49,0.26,73.5,6.92,7.66,34266,72.78,7.74,0.72,-0.08,21619.0069,0
Kota Pasuruan,2016,789.261077497,785.40861017,431.58361017,389.444,29.6381408,11.94844695,0.0,0.47262042,0.080402,353.825,181.316,172.509,102.819550736,49.58,21.96,23.09,1.52,3.77,0.06,74.17,6.26,7.51,37573,73.5,7.66,0.67,-0.15,20903.5374,0
Kota Pasuruan,2017,842.685745332,819.502697452,339.718936439,294.061832219,35.3981241,9.74545308,0.0,0.51352704,0.0,479.783761013,259.782744187,220.001016826,104.141875416,35.88,26.85,31.7,1.19,4.32,0.06,74.68,6.17,7.12,41459,74.17,7.51,0.51,-0.39,19766.5814,0
Kota Pasuruan,2018,903.24373227931,809.43761103798,377.127536345,317.850830487,42.808174575,9.820484243,0.0,6.64804704,0.0,432.31007469298,248.04266499639,184.26740969659,104.141875416,39.27,22.76,30.64,1.21,5.29,0.82,75.44,6.42,6.87,45927,74.68,7.12,0.76,-0.25,17624.439,0
Kota Probolinggo,2014,872.815764197,778.254103608,440.719755775,422.615706461,12.223966,4.20545,0.0,0.643396802,1.031236512,337.534347833,230.610989994,106.923357839,74.163283602,54.3,13.74,29.63,0.54,1.57,0.08,71.04,5.58,9.64,30671,70.28,9.91,0.76,-0.27,25374.2657,1
Kota Probolinggo,2015,859.993069407,731.680260277,459.321844328,439.586833405,15.377755,2.230815925,0.0,0.463139998,1.6633,272.358415949,198.066714766,74.291701183,465.762697515,60.08,10.15,27.07,0.3,2.1,0.06,71.62,5.92,9.52,33561,71.04,9.64,0.58,-0.12,21801.5035,1
Kota Probolinggo,2016,886.18605062,911.768886207,454.229886207,428.462,22.092733,1.29885,0.0,0.575955036,1.767288171,457.539,309.833,147.706,294.538,46.99,16.2,33.98,0.14,2.42,0.06,72.31,5.27,9.24,36763,71.62,9.52,0.69,-0.28,24801.2645,0
Kota Probolinggo,2017,910.852078016,957.59828455,393.248756541,368.838468936,21.843899892,1.70652285,0.0,0.752045863,0.059369,564.349528009,325.168161073,239.181366936,270.343448077,38.52,24.98,33.96,0.18,2.28,0.08,73.04,5.24,8.93,40484,72.31,9.24,0.73,-0.31,23653.7468,0
Kota Probolinggo,2018,987.6021319679,947.11297104046,427.916724927,392.267762855,32.726759495,1.54815,0.0,1.252045864,0.063206713,519.19624611346,356.4092569502,162.78698916326002,270.343448077,41.42,17.19,37.63,0.16,3.46,0.13,73.68,5.49,8.5,44869,73.04,8.93,0.64,-0.43,21108.4038,0
Kota Surabaya,2014,6052.441118039,5707.378466054,2488.949668923,2187.887736524,300.184342399,0.08967,0.0,0.78792,0.0,3218.428797131,1814.06237171,1404.366425421,966.481888081,38.33,24.61,31.78,0.0,5.26,0.01,79.17,6.81,5.79,113501,78.51,5.98,0.66,-0.19,50284.8298,0
Kota Surabaya,2015,6619.031160936,6490.359759532,2579.261371006,2326.41755336,252.111246646,0.0,0.0,0.732571,0.0,3911.098388526,2125.973133026,1785.1252555,2701.188212405,35.84,27.5,32.76,0.0,3.88,0.01,79.69,7.05,5.82,124266,79.17,5.79,0.52,0.03,52229.5701,0
Kota Surabaya,2016,6825.7514,7151.661678,2775.581678,2540.96,214.488,0.0,0.0,1.12827,0.0,4376.08,2586.69,1789.39,1394.943183336,35.53,25.02,36.17,0.0,3.0,0.02,80.38,6.46,5.64,136404,79.69,5.82,0.69,-0.18,52429.9997,0
Kota Surabaya,2017,8033.57316367,7912.409152257,2509.12451229,2396.243239235,111.504410055,0.0,0.0,1.376863,0.0,5403.284639967,2885.392981721,2517.891658246,1068.144127993,30.28,31.82,36.47,0.0,1.41,0.02,81.07,6.26,5.26,150886,80.38,5.64,0.69,-0.38,52439.6508,0
Kota Surabaya,2018,8033.57316367,8176.92949629863,1956.46083570868,1857.79438564068,81.167517434,1.70829,9.25474299,0.45,6.085899644,6220.468660589951,3790.4076212805,2430.0610393094503,1201.99519468045,22.72,29.72,46.35,0.02,0.99,0.01,81.74,6.52,4.97,167316,81.07,5.26,0.67,-0.29,48871.1749,0
